<?xml version="1.0" encoding="UTF-8"?>
    <addon id="GetSmartMedia.repository" name="GetSmartMedia Repository" version="1.0.10" provider-name="GetSmartMedia">
        <requires>
            <import addon="xbmc.addon" version="12.0.0"/>
			<import addon="xbmc.python" version="2.1.0"/>
		    <import addon="script.module.addon.common" optional="true" />
		    <import addon="script.module.t0mm0.common" optional="true" />
		    <import addon="script.module.urlresolver" optional="true" />
            </requires>
        <extension point="xbmc.addon.repository" name="GetSmartMedia Repository">
            <info compressed="false">https://raw.githubusercontent.com/GetSmartMedia/repo/master/addons.xml</info>
            <checksum>https://raw.githubusercontent.com/GetSmartMedia/repo/master/addon.xml.md5.txt</checksum>
            <datadir zip="true">https://github.com/GetSmartMedia/repo/</datadir>
            <hashes>false</hashes>
        </extension>
        <extension point="xbmc.addon.metadata">
            <summary>GetSmartMedia Repository</summary>
            <description>The GetSmartMedia Repository - Home of the GetSmartMedia Wizard. http://koditvaddons.com</description>
            <platform>all</platform>
    </extension>
</addon>