<?xml version="1.0" encoding="UTF-8" standalone="yes"?>
<addon id="plugin.program.GetSmartMediaWizard" name="[COLOR blue]GetSmartMediaWizard[/COLOR]" version="2.0.1" provider-name="GetSmartMedia">
  <requires>
    <import addon="xbmc.python" version="2.1.0"/>
  </requires>
  <extension point="xbmc.python.pluginsource" library="default.py">
    <provides>executable</provides>
  </extension>
  <extension point="xbmc.service" library="startup.py" start="startup" />
  <extension point="xbmc.addon.metadata">
    <summary lang="en">GetSmartMedia Wizard</summary>
    <description lang="en">Use this wizard to install the best Kodi builds available!.  For help or info please visit http://www.koditvaddons.com</description>
    <platform>all</platform>
  </extension>
</addon>