<?xml version="1.0" encoding="UTF-8"?>
<addon
  id="skin.GetSmartMedia.confluence.Hybrid.Hack"
  version="2.3.7e"
  name="Skin GetSmartMedia Hybrid Hack  "
  provider-name="GetSmartMedia">
  <requires>
	<import addon="xbmc.gui" version="5.0.0"/>
	<import addon="script.favourites" version="6.0.1"/>
	<import addon="service.skin.widgets" version="0.0.29"/>
	<import addon="script.randomandlastitems" version="2.2.2"/>
  </requires>
  <extension
    point="xbmc.gui.skin"
    defaultthemename="textures.xbt"
    debugging="false"
    effectslowdown="0.75">
    <res width="1280" height="720" aspect="16:9" default="true" folder="720p" />
 </extension>
	<extension point="xbmc.addon.metadata">
    <summary lang="en">GetSmartMedia Hybrid Hack a customizable skin</summary>
    <summary lang="es">Crear skin personalizado híbrido</summary>
    <description lang="en">GetSmartMedia Hybrid Hack is a customizable skin incorporating many of the now popular tweaks, addons and scripts.</description>
    <description lang="es">GetSmartMedia Hybrid Hack es un skin personalizable que incorpora muchos de los ajustes, addons y scripts más populares</description>
    <disclaimer lang="en">You break it - You get to keep the pieces</disclaimer>
    <disclaimer lang="es">Tu lo rompes-tu tienes que guardar los trozos</disclaimer>
    <platform>all</platform>
  </extension>
</addon>
